date,call_vol,put_vol,call_oi,put_oi,vol_pcr,oi_pcr,silver_call_vol,silver_put_vol,silver_call_oi,silver_put_oi,silver_vol_pcr,silver_oi_pcr
2026-03-18,47792,31427,544161,344976,0.6576,0.6340,4152,3628,84338,66165,0.8738,0.7845
2026-03-20,45506,32709,570326,361079,0.7188,0.6331,3413,3360,86844,65686,0.9845,0.7564
2026-03-23,69982,63995,592426,364164,0.9144,0.6147,4182,4537,87941,65189,1.0849,0.7413
2026-03-24,48871,30475,599650,365455,0.6236,0.6094,2110,4410,88487,63946,2.0900,0.7227
2026-03-25,49170,27944,612451,371537,0.5683,0.6066,3097,3149,89741,63045,1.0168,0.7025
2026-03-26,23547,22986,435752,221736,0.9762,0.5089,3043,4117,61242,41498,1.3529,0.6776
2026-03-27,27007,16509,447316,229411,0.6113,0.5129,1117,1538,61479,42094,1.3769,0.6847
2026-03-30,24720,15219,455440,236821,0.6157,0.5200,1780,1264,62277,42427,0.7101,0.6813
2026-03-31,28957,14975,463545,242607,0.5171,0.5234,1722,2112,62620,43436,1.2265,0.6936
2026-04-01,42135,15123,470958,245655,0.3589,0.5216,1550,1061,63019,43627,0.6845,0.6923
2026-04-02,25009,18944,477470,252328,0.7575,0.5285,1994,1161,63663,43948,0.5822,0.6903
2026-04-06,8418,6673,479885,253649,0.7927,0.5286,776,1303,63809,44247,1.6791,0.6934
2026-04-07,21010,12864,482734,256764,0.6123,0.5319,1343,1069,63690,44370,0.7960,0.6967
2026-04-08,42440,22486,486759,258719,0.5298,0.5315,2180,2014,64059,44585,0.9239,0.6960
2026-04-09,33460,13631,491878,263771,0.4074,0.5363,1543,1176,64492,45062,0.7622,0.6987
2026-04-10,26645,8688,494126,265447,0.3261,0.5372,1602,1679,65061,45691,1.0481,0.7023
2026-04-13,28076,18966,495640,266458,0.6755,0.5376,1776,1336,65641,46245,0.7523,0.7045
2026-04-14,37487,11403,503016,269536,0.3042,0.5358,6253,2291,67547,46388,0.3664,0.6868
2026-04-15,23451,8891,502036,272448,0.3791,0.5427,2273,1627,68064,46978,0.7158,0.6902
2026-04-16,28916,14237,499094,275674,0.4924,0.5523,2328,1210,68297,47152,0.5198,0.6904
2026-04-17,26356,13464,501771,278067,0.5109,0.5542,5190,2329,69372,47688,0.4487,0.6874
2026-04-21,42673,20372,514903,282392,0.4774,0.5484,3449,2207,70243,48505,0.6399,0.6905
2026-04-22,33343,15463,523845,286707,0.4638,0.5473,2450,1103,70735,48776,0.4502,0.6896
2026-04-23,33756,21360,525645,292171,0.6328,0.5558,2826,1968,71191,49209,0.6964,0.6912
2026-04-24,24028,11877,531485,293677,0.4943,0.5526,2035,1997,71066,49238,0.9813,0.6928
2026-04-27,23490,21430,432826,208463,0.9123,0.4816,1430,1026,47824,29249,0.7175,0.6116
2026-04-28,29306,18356,439698,214657,0.6264,0.4882,2576,1588,48191,29866,0.6165,0.6197
2026-04-29,25550,19444,451655,218911,0.7610,0.4847,2726,1795,49200,30505,0.6585,0.6200
2026-04-30,28703,11175,459896,222470,0.3893,0.4837,5890,1344,53294,31304,0.2282,0.5874
2026-05-01,20608,9969,464768,225929,0.4837,0.4861,1955,1015,54123,31448,0.5192,0.5810
2026-05-05,19185,11074,471713,233947,0.5772,0.4960,3168,741,58586,32215,0.2339,0.5499
2026-05-06,29925,16023,475576,235193,0.5354,0.4945,4679,2094,60207,32447,0.4475,0.5389
2026-05-07,29241,9722,480929,238374,0.3325,0.4957,8657,2900,63133,33469,0.3350,0.5301
2026-05-08,15418,14277,484414,239046,0.9260,0.4935,2365,1396,64125,34010,0.5903,0.5304
2026-05-11,21134,6968,486334,241807,0.3297,0.4972,8042,2359,65778,35094,0.2933,0.5335
2026-05-12,17570,6927,489439,243930,0.3943,0.4984,9459,2765,66492,36358,0.2923,0.5468
2026-05-13,31957,7313,487703,246236,0.2288,0.5049,5724,2657,66427,37174,0.4642,0.5596
2026-05-14,32451,11640,491309,252236,0.3587,0.5134,5441,1827,65307,37728,0.3358,0.5777
2026-05-15,58146,30326,490689,259652,0.5215,0.5292,14251,5581,71567,38730,0.3916,0.5412
2026-05-18,26081,12141,493381,261314,0.4655,0.5296,6181,2246,74601,39060,0.3634,0.5236
2026-05-19,31299,21015,500555,263891,0.6714,0.5272,4314,2580,74279,39752,0.5981,0.5352
2026-05-20,40575,16864,509802,265397,0.4156,0.5206,5065,2014,76978,39942,0.3976,0.5189
2026-05-21,39218,12067,522705,267290,0.3077,0.5114,6382,1879,77247,40186,0.2944,0.5202
2026-05-22,33524,15613,528200,268703,0.4657,0.5087,3675,1767,78027,40544,0.4808,0.5196
2026-05-26,31890,18994,358420,155569,0.5956,0.4340,8309,3338,60788,26497,0.4017,0.4359
2026-05-27,36749,19220,378229,162693,0.5230,0.4301,4478,1911,62819,27242,0.4268,0.4337
2026-05-28,32329,17305,394051,168522,0.5353,0.4277,2357,1221,63258,27650,0.5180,0.4371
2026-05-29,28068,16301,398846,169150,0.5808,0.4241,2611,1062,63839,27831,0.4067,0.4360
2026-06-02,15601,7814,400958,172840,0.5009,0.4311,2353,1312,65510,28281,0.5576,0.4317
2026-06-03,14421,14875,402344,177577,1.0315,0.4414,2666,2357,66489,29426,0.8841,0.4426
2026-06-04,18738,13687,406572,180208,0.7304,0.4432,4059,1131,65975,29894,0.2786,0.4531
2026-06-05,27667,21809,410735,183904,0.7883,0.4477,5013,5201,67647,31450,1.0375,0.4649
2026-06-08,23392,23795,419574,190892,1.0172,0.4550,3745,5199,68683,33925,1.3883,0.4939
2026-06-09,25269,24131,422082,198875,0.9550,0.4712,3609,3809,69823,34754,1.0554,0.4977
2026-06-11,36596,33561,454423,209983,0.9171,0.4621,4705,3326,71923,34260,0.7069,0.4763
2026-06-12,28112,21535,465373,218777,0.7660,0.4701,4996,1704,73725,34349,0.3411,0.4659
2026-06-15,33597,16873,474879,223392,0.5022,0.4704,4756,3214,75762,34530,0.6758,0.4558
2026-06-16,23108,10173,481960,226492,0.4402,0.4699,5515,1881,77438,35190,0.3411,0.4544
2026-06-17,40820,23436,487077,228541,0.5741,0.4692,6587,2069,80856,35219,0.3141,0.4356
2026-06-18,28892,20871,492479,232184,0.7224,0.4715,3722,3399,81593,35942,0.9132,0.4405
2026-06-22,32649,21837,505397,233144,0.6688,0.4613,3440,3565,82169,36538,1.0363,0.4447
2026-06-23,20725,21562,512906,229964,1.0404,0.4484,6511,4065,86065,36430,0.6243,0.4233
2026-06-24,29043,47370,526927,227908,1.6310,0.4325,7454,7841,89118,35877,1.0519,0.4026
2026-06-25,30225,20261,420863,176107,0.6703,0.4184,6835,4101,49700,22954,0.6000,0.4619
2026-06-26,23825,12431,430603,182245,0.5218,0.4232,3882,1760,51757,23542,0.4534,0.4549
2026-06-29,19934,13125,440056,188217,0.6584,0.4277,1822,1372,52252,24100,0.7530,0.4612
2026-06-30,25263,8497,451679,190488,0.3363,0.4217,3558,1306,54146,24501,0.3671,0.4525
2026-07-02,19186,10482,466480,197504,0.5463,0.4234,2170,1437,55458,25819,0.6622,0.4656
2026-07-06,26538,13246,474213,201538,0.4991,0.4250,3318,1712,55796,26010,0.5160,0.4662
2026-07-07,38611,11053,495641,205969,0.2863,0.4156,3144,1202,56670,26216,0.3823,0.4626
2026-07-08,28362,14053,498918,208624,0.4955,0.4182,2733,2073,56794,26648,0.7585,0.4692
2026-07-09,23381,7287,507146,210233,0.3117,0.4145,3005,1268,58152,27113,0.4220,0.4662
2026-07-10,24880,9289,514690,212483,0.3734,0.4128,1031,790,58438,27393,0.7662,0.4688
2026-07-13,22329,16732,525574,213712,0.7493,0.4066,1756,1792,59037,27704,1.0205,0.4693
2026-07-14,16697,13712,528641,213369,0.8212,0.4036,2244,1806,59747,28138,0.8048,0.4710
2026-07-15,32597,9391,532931,216186,0.2881,0.4057,2886,1487,60692,28477,0.5152,0.4692
2026-07-16,26321,14457,543417,216220,0.5493,0.3979,3782,2571,61786,28638,0.6798,0.4635
2026-07-17,17432,10748,546711,218980,0.6166,0.4005,1894,2440,62249,29066,1.2883,0.4669
2026-07-20,22617,8395,555583,221136,0.3712,0.3980,1952,1713,62555,29513,0.8776,0.4718
2026-07-21,30036,10479,565981,223281,0.3489,0.3945,9662,2806,67221,30496,0.2904,0.4537
2026-07-22,43249,13541,578168,225930,0.3131,0.3908,14145,2125,77150,30790,0.1502,0.3991
2026-07-23,35076,21567,590129,229226,0.6149,0.3884,3340,2417,77568,30834,0.7237,0.3975
2026-07-24,32685,9005,608429,230462,0.2755,0.3788,3183,1516,78806,30960,0.4763,0.3929
2026-07-27,18183,9397,613340,229759,0.5168,0.3746,5423,2252,81562,30807,0.4153,0.3777
2026-07-29,22154,12065,489818,166979,0.5446,0.3409,5421,2628,55378,20914,0.4848,0.3777
2026-07-30,32756,9718,499761,169891,0.2967,0.3399,2241,2128,56455,21837,0.9496,0.3868
2026-07-31,18124,9296,505359,172956,0.5129,0.3422,1096,677,56862,22053,0.6177,0.3878
2026-08-03,13431,5529,509841,173735,0.4117,0.3408,3573,1644,58748,22326,0.4601,0.3800
2026-08-04,32970,9170,522192,176105,0.2781,0.3372,15142,1603,69353,23111,0.1059,0.3332
2026-08-05,77462,22511,537362,182130,0.2906,0.3389,9359,2789,71635,23579,0.2980,0.3292
2026-08-07,59607,24784,553754,195442,0.4158,0.3529,6503,2799,73192,24877,0.4304,0.3399
2026-08-10,22540,10821,558378,199102,0.4801,0.3566,3837,1386,74007,25263,0.3612,0.3414
2026-08-11,35133,12875,563899,204164,0.3665,0.3621,7327,1554,76407,25624,0.2121,0.3354
2026-08-12,32760,12632,571369,207710,0.3856,0.3635,3812,2449,77404,26644,0.6424,0.3442
2026-08-13,24178,23093,576799,217417,0.9551,0.3769,3689,1464,77045,27013,0.3969,0.3506
2026-08-14,22066,8472,580377,220022,0.3839,0.3791,1990,1173,77205,27093,0.5894,0.3509
2026-08-17,25180,10074,578975,223692,0.4001,0.3864,6890,1645,80171,27553,0.2388,0.3437
2026-08-18,19897,9469,582926,226299,0.4759,0.3882,2463,985,80255,27481,0.3999,0.3424
2026-08-20,52422,15952,613386,239607,0.3043,0.3906,6628,2485,85611,28555,0.3749,0.3335
2026-08-21,70671,24349,620256,248493,0.3445,0.4006,10523,2087,89116,29222,0.1983,0.3279
2026-08-24,61185,26502,622329,258337,0.4331,0.4151,3933,1699,90411,29604,0.4320,0.3274
2026-08-25,43273,22834,623817,267519,0.5277,0.4288,3992,1396,90733,29841,0.3497,0.3289
2026-08-27,27658,10401,543987,208894,0.3761,0.3840,3116,1596,72184,19950,0.5122,0.2764
2026-08-28,80756,17034,543141,213799,0.2109,0.3936,10289,2397,71749,20930,0.2330,0.2917
2026-09-01,57117,26991,560737,222951,0.4726,0.3976,3424,1253,71677,21311,0.3659,0.2973
2026-09-02,37925,13425,570306,225860,0.3540,0.3960,4262,1559,73111,21814,0.3658,0.2984
2026-09-04,23431,9821,572863,228812,0.4191,0.3994,3023,1004,79912,22353,0.3321,0.2797
2026-09-08,37892,13705,581147,233513,0.3617,0.4018,2018,1484,80204,22879,0.7354,0.2853
2026-09-10,46872,14461,600951,236354,0.3085,0.3933,4537,2303,83469,24202,0.5076,0.2900
2026-09-14,52550,14599,614402,240364,0.2778,0.3912,3641,2696,84790,25127,0.7405,0.2963
2026-09-16,47504,23655,622008,249802,0.4980,0.4016,6705,2471,86125,26683,0.3685,0.3098
2026-09-17,36538,16926,626275,254139,0.4632,0.4058,3334,1197,87080,26778,0.3590,0.3075
2026-09-22,20933,15033,639980,264516,0.7181,0.4133,4863,2748,90675,28722,0.5651,0.3168
2026-09-23,34374,25817,647409,267168,0.7511,0.4127,4734,2609,91391,29358,0.5511,0.3212
2026-09-24,46841,19209,514690,206748,0.4101,0.4017,7228,4648,51995,18924,0.6431,0.3640
2026-09-25,18827,8194,521254,209601,0.4352,0.4021,1629,1183,52467,19404,0.7262,0.3698
2026-09-28,58310,30561,539522,214603,0.5241,0.3978,2222,3618,52803,20388,1.6283,0.3861
2026-09-30,28250,10549,551754,221670,0.3734,0.4018,4140,1781,54729,22195,0.4302,0.4055
2026-10-02,30944,8200,567135,225608,0.2650,0.3978,1902,2158,56111,24199,1.1346,0.4313
2026-10-05,14163,8726,570301,228607,0.6161,0.4009,2028,703,56616,24472,0.3466,0.4322
2026-10-06,18840,8964,574246,230332,0.4758,0.4011,2467,933,57352,24750,0.3782,0.4315
2026-10-07,25079,15523,580600,234257,0.6190,0.4035,2502,3749,58309,26796,1.4984,0.4596
