date,open,high,low,close
2024-10-07,2671.7,2679.2,2657.3,2666.0
2024-10-08,2662.8,2672.4,2623.4,2635.4
2024-10-09,2640.7,2642.9,2622.8,2626.0
2024-10-10,2625.8,2648.9,2618.8,2639.3
2024-10-11,2647.4,2679.0,2645.3,2676.3
2024-10-14,2673.1,2684.2,2660.0,2665.6
2024-10-15,2663.5,2685.9,2654.4,2678.9
2024-10-16,2679.5,2702.5,2674.9,2691.3
2024-10-17,2690.4,2712.7,2688.2,2707.5
2024-10-18,2707.8,2737.8,2707.3,2730.0
2024-10-21,2736.3,2755.4,2728.5,2738.9
2024-10-22,2734.7,2763.3,2733.5,2759.8
2024-10-23,2762.6,2772.6,2722.1,2729.4
2024-10-24,2729.2,2756.3,2728.7,2748.9
2024-10-25,2748.6,2760.9,2729.1,2754.6
2024-10-28,2749.2,2758.3,2736.9,2755.9
2024-10-29,2754.3,2787.7,2752.0,2781.1
2024-10-30,2786.9,2801.8,2782.4,2800.8
2024-10-31,2799.1,2801.2,2741.8,2749.3
2024-11-01,2754.0,2772.4,2742.6,2749.2
2024-11-04,2743.5,2757.5,2739.4,2746.2
2024-11-05,2746.0,2759.5,2733.4,2749.7
2024-11-06,2752.6,2758.8,2660.7,2676.3
2024-11-07,2667.7,2718.3,2650.3,2705.8
2024-11-08,2713.6,2717.8,2687.3,2694.8
2024-11-11,2692.1,2693.4,2617.1,2617.7
2024-11-12,2625.7,2633.4,2595.7,2606.3
2024-11-13,2604.7,2625.0,2578.1,2586.5
2024-11-14,2578.1,2585.8,2541.5,2572.9
2024-11-15,2570.4,2580.8,2558.9,2570.1
2024-11-18,2571.5,2619.5,2568.5,2614.6
2024-11-19,2616.3,2643.4,2614.2,2631.0
2024-11-20,2635.8,2659.0,2621.9,2651.7
2024-11-21,2653.5,2676.5,2651.6,2674.9
2024-11-22,2672.0,2718.5,2670.1,2712.2
2024-11-25,2716.9,2723.2,2616.6,2618.5
2024-11-26,2626.2,2642.7,2605.3,2621.3
2024-11-27,2633.5,2657.9,2627.2,2639.9
2024-11-29,2636.4,2664.3,2620.7,2657.0
2024-12-02,2673.8,2678.5,2644.5,2658.5
2024-12-03,2662.0,2678.4,2656.6,2667.9
2024-12-04,2665.8,2682.0,2654.2,2676.2
2024-12-05,2674.2,2680.0,2646.3,2648.4
2024-12-06,2655.0,2667.9,2635.6,2659.6
2024-12-09,2665.0,2700.0,2649.7,2685.8
2024-12-10,2684.4,2721.7,2680.7,2718.4
2024-12-11,2721.2,2759.7,2719.1,2756.7
2024-12-12,2753.6,2761.3,2696.7,2709.4
2024-12-13,2704.9,2716.4,2663.3,2675.8
2024-12-16,2668.0,2683.4,2661.4,2670.0
2024-12-17,2670.2,2675.8,2646.1,2662.0
2024-12-18,2663.3,2667.6,2598.1,2653.3
2024-12-19,2600.6,2640.9,2596.7,2608.1
2024-12-20,2609.7,2653.8,2603.7,2645.1
2024-12-23,2639.1,2646.8,2623.2,2628.2
2024-12-24,2629.4,2635.8,2624.2,2635.5
2024-12-26,2638.0,2655.7,2634.1,2653.9
2024-12-27,2653.7,2654.6,2625.2,2631.9
2024-12-30,2636.1,2640.7,2608.4,2618.1
2024-12-31,2620.0,2642.0,2614.3,2641.0
2025-01-02,2641.0,2674.2,2636.1,2669.0
2025-01-03,2671.1,2681.0,2649.7,2654.7
2025-01-06,2652.8,2663.8,2624.6,2647.4
2025-01-07,2647.1,2678.5,2643.5,2665.4
2025-01-08,2662.9,2687.0,2658.4,2672.4
2025-01-09,2679.9,2696.8,2673.7,2690.8
2025-01-10,2692.9,2735.0,2686.9,2715.0
2025-01-13,2716.8,2723.8,2675.2,2678.6
2025-01-14,2682.0,2693.7,2672.0,2682.3
2025-01-15,2693.3,2722.7,2685.4,2717.8
2025-01-16,2722.3,2757.9,2720.4,2750.9
2025-01-17,2746.8,2759.2,2729.2,2748.7
2025-01-21,2739.6,2762.0,2715.6,2759.2
2025-01-22,2758.7,2774.4,2756.2,2770.9
2025-01-23,2765.9,2767.1,2741.0,2765.0
2025-01-24,2761.8,2794.8,2761.0,2778.9
2025-01-27,2778.1,2778.1,2732.0,2738.4
2025-01-28,2742.4,2774.0,2737.4,2767.5
2025-01-29,2771.6,2778.1,2761.0,2769.8
2025-01-30,2772.5,2829.5,2770.0,2823.0
2025-01-31,2829.0,2838.0,2804.0,2812.5
2025-02-03,2846.5,2872.0,2802.2,2857.1
2025-02-04,2850.4,2877.1,2837.4,2875.8
2025-02-05,2873.7,2906.0,2870.1,2893.0
2025-02-06,2885.0,2894.2,2855.0,2876.7
2025-02-07,2880.2,2910.6,2876.1,2887.6
2025-02-10,2884.8,2938.1,2879.9,2934.4
2025-02-11,2937.0,2968.5,2907.0,2932.6
2025-02-12,2927.0,2936.5,2886.5,2928.7
2025-02-13,2928.8,2958.8,2925.8,2945.4
2025-02-14,2957.3,2964.1,2889.9,2900.7
2025-02-18,2895.1,2956.5,2887.6,2949.0
2025-02-19,2954.1,2964.4,2933.7,2936.1
2025-02-20,2949.5,2973.4,2939.3,2956.1
2025-02-21,2955.7,2964.7,2930.1,2953.2
2025-02-24,2950.4,2974.0,2936.8,2963.2
2025-02-25,2968.5,2970.4,2897.0,2918.8
2025-02-26,2929.0,2942.0,2903.3,2930.6
2025-02-27,2931.4,2935.8,2879.0,2895.9
2025-02-28,2889.0,2896.1,2844.1,2848.5
2025-03-03,2872.0,2906.4,2866.3,2901.1
2025-03-04,2904.2,2939.8,2892.5,2920.6
2025-03-05,2929.0,2941.3,2903.4,2926.0
2025-03-06,2929.5,2935.9,2897.6,2926.6
2025-03-07,2919.2,2938.8,2905.3,2914.1
2025-03-10,2919.6,2926.4,2885.2,2899.4
2025-03-11,2893.2,2929.0,2882.5,2920.9
2025-03-12,2922.3,2948.9,2911.0,2946.8
2025-03-13,2943.3,3001.5,2942.2,2991.3
2025-03-14,3001.4,3017.1,2988.6,3001.1
2025-03-17,2994.8,3010.9,2991.4,3006.1
2025-03-18,3009.4,3047.5,3008.2,3040.8
2025-03-19,3041.4,3061.6,3031.3,3041.2
2025-03-20,3058.0,3065.2,3032.8,3043.8
2025-03-21,3052.6,3055.0,3004.1,3021.4
2025-03-24,3027.6,3038.4,3007.7,3015.6
2025-03-25,3017.5,3042.4,3010.8,3025.9
2025-03-26,3025.8,3036.1,3017.8,3022.5
2025-03-27,3025.6,3071.3,3022.3,3061.0
2025-03-28,3069.7,3094.9,3066.8,3086.5
2025-03-31,3091.0,3132.5,3086.0,3122.8
2025-04-01,3157.3,3177.0,3130.5,3146.0
2025-04-02,3147.5,3201.6,3135.7,3166.2
2025-04-03,3196.6,3196.6,3073.5,3121.7
2025-04-04,3138.0,3160.2,3032.7,3035.4
2025-04-07,3055.1,3084.4,2970.4,2973.6
2025-04-08,2997.5,3037.9,2988.6,2990.2
2025-04-09,2998.3,3118.5,2983.3,3079.4
2025-04-10,3099.1,3195.0,3086.1,3177.5
2025-04-11,3194.2,3263.0,3193.4,3244.6
2025-04-14,3246.0,3261.6,3208.7,3226.3
2025-04-15,3226.1,3250.9,3225.5,3240.4
2025-04-16,3248.4,3358.4,3245.2,3346.4
2025-04-17,3357.5,3371.9,3296.4,3328.4
2025-04-21,3347.0,3442.3,3344.0,3425.3
2025-04-22,3435.1,3509.9,3379.1,3419.4
2025-04-23,3367.7,3396.0,3270.8,3294.1
2025-04-24,3301.8,3377.0,3301.3,3348.6
2025-04-25,3362.0,3384.1,3274.8,3298.4
2025-04-28,3336.5,3363.8,3278.0,3347.7
2025-04-29,3354.9,3359.3,3309.2,3333.6
2025-04-30,3324.5,3337.6,3275.6,3319.1
2025-05-01,3299.0,3300.6,3209.4,3222.2
2025-05-02,3247.6,3277.0,3229.5,3243.3
2025-05-05,3247.1,3346.7,3243.1,3322.3
2025-05-06,3345.7,3444.5,3332.1,3422.8
2025-05-07,3448.1,3448.2,3367.0,3391.9
2025-05-08,3373.1,3422.0,3293.3,3306.0
2025-05-09,3310.2,3352.7,3278.9,3344.0
2025-05-12,3281.0,3295.5,3211.2,3228.0
2025-05-13,3240.7,3270.4,3220.1,3247.8
2025-05-14,3254.1,3261.3,3170.7,3188.3
2025-05-15,3180.8,3244.3,3123.3,3226.6
2025-05-16,3243.5,3255.8,3156.4,3187.2
2025-05-19,3220.0,3252.9,3209.1,3233.5
2025-05-20,3233.0,3298.5,3207.4,3284.6
2025-05-21,3293.0,3327.2,3287.0,3313.5
2025-05-22,3318.0,3346.8,3277.8,3295.0
2025-05-23,3295.1,3366.5,3285.5,3365.8
2025-05-27,3355.6,3356.0,3283.0,3300.4
2025-05-28,3300.9,3324.5,3273.5,3294.9
2025-05-29,3283.7,3328.8,3242.4,3317.1
2025-05-30,3315.1,3318.0,3270.9,3288.9
2025-06-02,3323.0,3408.1,3319.4,3397.2
2025-06-03,3406.5,3417.8,3357.2,3377.1
2025-06-04,3377.8,3409.7,3366.9,3399.2
2025-06-05,3398.0,3427.7,3362.3,3375.1
2025-06-06,3377.4,3398.3,3328.8,3346.6
2025-06-09,3333.4,3359.0,3313.1,3354.9
2025-06-10,3346.3,3370.4,3321.3,3343.4
2025-06-11,3344.3,3382.3,3335.4,3343.7
2025-06-12,3377.5,3419.8,3358.5,3402.4
2025-06-13,3406.7,3468.0,3399.6,3452.8
2025-06-16,3473.0,3476.3,3400.9,3417.3
2025-06-17,3404.2,3422.7,3384.4,3406.9
2025-06-18,3409.0,3419.0,3380.1,3408.1
2025-06-20,3387.1,3405.2,3356.2,3385.7
2025-06-23,3400.7,3413.8,3361.4,3395.0
2025-06-24,3383.8,3385.0,3308.3,3333.9
2025-06-25,3338.1,3351.3,3325.5,3343.1
2025-06-26,3347.5,3363.9,3322.5,3348.0
2025-06-27,3341.3,3341.4,3266.5,3287.6
2025-06-30,3284.3,3321.6,3250.5,3307.7
2025-07-01,3315.7,3370.5,3313.7,3349.8
2025-07-02,3350.0,3371.0,3337.2,3359.7
2025-07-03,3369.0,3376.9,3321.4,3342.9
2025-07-04,3335.0,3355.0,3332.8,3346.5
2025-07-07,3344.5,3352.9,3304.4,3342.8
2025-07-08,3348.9,3355.6,3295.4,3316.9
2025-07-09,3310.6,3325.6,3290.2,3321.0
2025-07-10,3322.2,3339.4,3319.2,3325.7
2025-07-11,3333.1,3381.6,3332.3,3364.0
2025-07-14,3376.5,3389.3,3348.5,3359.1
2025-07-15,3352.0,3375.4,3327.3,3336.7
2025-07-16,3330.5,3385.8,3326.1,3359.1
2025-07-17,3354.7,3358.2,3314.3,3345.3
2025-07-18,3347.5,3368.0,3337.2,3358.3
2025-07-21,3355.6,3416.9,3351.0,3406.4
2025-07-22,3410.7,3447.5,3394.9,3443.7
2025-07-23,3444.3,3451.7,3390.6,3397.6
2025-07-24,3398.6,3401.1,3355.2,3373.5
2025-07-25,3372.1,3376.6,3325.5,3335.6
2025-07-28,3321.1,3345.4,3300.0,3310.0
2025-07-29,3313.4,3332.3,3305.8,3324.0
2025-07-30,3325.8,3331.8,3263.9,3295.8
2025-07-31,3272.9,3312.0,3272.9,3293.2
2025-08-01,3342.7,3416.9,3331.4,3399.8
2025-08-04,3416.6,3439.5,3397.9,3426.4
2025-08-05,3428.9,3444.9,3403.3,3434.7
2025-08-06,3434.9,3440.5,3411.7,3433.4
2025-08-07,3431.8,3483.8,3430.0,3453.7
2025-08-08,3487.9,3534.1,3445.0,3491.3
2025-08-11,3458.1,3466.3,3393.0,3404.7
2025-08-12,3393.6,3410.8,3379.1,3399.0
2025-08-13,3399.6,3422.6,3392.7,3408.3
2025-08-14,3407.2,3423.8,3375.5,3383.2
2025-08-15,3383.2,3394.8,3377.7,3382.6
2025-08-18,3382.4,3403.6,3368.0,3378.0
2025-08-19,3378.3,3389.7,3358.1,3358.7
2025-08-20,3359.0,3394.3,3353.4,3388.5
2025-08-21,3392.2,3394.4,3367.4,3381.6
2025-08-22,3383.3,3423.4,3362.8,3418.5
2025-08-25,3417.6,3421.5,3405.5,3417.5
2025-08-26,3410.8,3443.3,3396.1,3433.0
2025-08-27,3443.0,3452.5,3422.2,3448.6
2025-08-28,3452.6,3478.7,3442.5,3474.3
2025-08-29,3477.2,3518.5,3463.0,3516.1
2025-09-02,3517.9,3602.4,3506.0,3592.2
2025-09-03,3600.0,3640.1,3592.4,3635.5
2025-09-04,3619.8,3621.6,3573.7,3606.7
2025-09-05,3602.0,3655.5,3595.4,3653.3
2025-09-08,3635.0,3685.7,3621.7,3677.4
2025-09-09,3676.6,3715.2,3663.7,3682.2
2025-09-10,3662.0,3697.5,3651.4,3682.0
2025-09-11,3680.6,3687.5,3651.0,3673.6
2025-09-12,3672.8,3695.5,3667.3,3686.4
2025-09-15,3680.2,3724.9,3662.8,3719.0
2025-09-16,3720.3,3739.9,3711.8,3725.1
2025-09-17,3727.3,3744.0,3679.5,3717.8
2025-09-18,3692.5,3707.3,3660.5,3678.3
2025-09-19,3677.7,3719.6,3664.4,3705.8
2025-09-22,3721.3,3783.3,3718.1,3775.1
2025-09-23,3781.2,3824.6,3772.4,3815.7
2025-09-24,3796.9,3812.6,3749.7,3768.1
2025-09-25,3768.3,3792.3,3751.9,3771.1
2025-09-26,3781.5,3814.4,3764.0,3809.0
2025-09-29,3788.8,3863.7,3785.5,3855.2
2025-09-30,3863.1,3899.2,3820.6,3873.2
2025-10-01,3887.7,3922.7,3880.3,3897.5
2025-10-02,3892.7,3923.3,3842.8,3868.1
2025-10-03,3880.4,3916.8,3861.1,3908.9
2025-10-06,3913.5,3994.5,3909.2,3976.3
2025-10-07,3983.0,4014.6,3963.4,4004.4
2025-10-08,4007.1,4081.0,4005.6,4070.5
2025-10-09,4061.8,4077.9,3957.9,3972.6
2025-10-10,3990.1,4038.6,3961.2,4000.4
2025-10-13,4018.3,4137.2,4011.3,4133.0
2025-10-14,4130.9,4190.9,4105.0,4163.4
2025-10-15,4160.1,4235.8,4157.3,4201.6
2025-10-16,4225.1,4346.7,4214.5,4304.6
2025-10-17,4348.1,4392.0,4196.0,4213.3
2025-10-20,4269.0,4398.0,4229.7,4359.4
2025-10-21,4371.0,4393.6,4093.0,4109.1
2025-10-22,4137.0,4175.0,4021.2,4065.4
2025-10-23,4114.8,4171.5,4079.6,4145.6
2025-10-24,4144.0,4159.0,4055.7,4137.8
2025-10-27,4103.2,4123.8,3985.9,4019.7
2025-10-28,3999.9,4034.2,3901.3,3983.1
2025-10-29,3967.2,4046.2,3930.0,4000.7
2025-10-30,3942.8,4041.5,3925.1,4015.9
2025-10-31,4038.2,4059.9,3982.3,3996.5
2025-11-03,4001.0,4043.1,3971.3,4014.0
2025-11-04,4013.7,4018.0,3937.1,3960.5
2025-11-05,3939.5,4000.7,3935.7,3992.9
2025-11-06,3992.4,4028.7,3973.2,3991.0
2025-11-07,3986.9,4035.8,3981.6,4009.8
2025-11-10,4007.2,4124.0,4004.2,4122.0
2025-11-11,4124.0,4155.0,4102.8,4116.3
2025-11-12,4132.2,4218.5,4104.4,4213.6
2025-11-13,4202.4,4250.0,4148.5,4194.5
2025-11-14,4174.9,4215.1,4032.6,4094.2
2025-11-17,4084.4,4107.6,4006.8,4074.5
2025-11-18,4045.6,4083.7,3997.4,4066.5
2025-11-19,4067.8,4134.3,4055.6,4082.8
2025-11-20,4079.9,4109.6,4034.0,4060.0
2025-11-21,4074.9,4101.0,4018.1,4079.5
2025-11-24,4069.2,4138.2,4036.4,4094.2
2025-11-25,4133.5,4156.3,4106.7,4140.0
2025-11-26,4128.6,4171.0,4127.5,4165.2
2025-11-28,4198.6,4263.1,4174.6,4254.9
2025-12-01,4258.5,4299.6,4241.1,4274.8
2025-12-02,4265.3,4269.2,4194.0,4220.8
2025-12-03,4241.6,4273.3,4225.1,4232.5
2025-12-04,4234.5,4251.1,4203.3,4243.0
2025-12-05,4239.5,4290.5,4221.4,4243.0
2025-12-08,4228.1,4247.9,4204.0,4217.7
2025-12-09,4219.6,4251.7,4197.8,4236.2
2025-12-10,4237.5,4268.8,4207.8,4224.7
2025-12-11,4258.3,4317.3,4231.2,4313.0
2025-12-12,4309.1,4387.8,4286.0,4328.3
2025-12-15,4330.0,4384.3,4315.9,4335.2
2025-12-16,4334.3,4367.9,4297.4,4332.3
2025-12-17,4333.5,4383.6,4330.7,4373.9
2025-12-18,4371.5,4409.5,4338.0,4364.5
2025-12-19,4363.6,4389.0,4336.3,4387.3
2025-12-22,4369.9,4484.5,4367.9,4469.4
2025-12-23,4481.8,4530.8,4457.7,4505.7
2025-12-24,4516.7,4555.1,4474.3,4502.8
2025-12-26,4523.5,4584.0,4518.0,4552.7
2025-12-29,4568.0,4581.3,4316.0,4343.6
2025-12-30,4350.3,4420.5,4338.8,4386.3
2025-12-31,4353.0,4384.9,4284.3,4341.1
2026-01-02,4340.0,4414.8,4319.7,4329.6
2026-01-05,4368.3,4467.6,4354.6,4451.5
2026-01-06,4459.8,4508.3,4437.9,4496.1
2026-01-07,4505.4,4512.4,4432.9,4462.5
2026-01-08,4467.1,4489.3,4415.0,4460.7
2026-01-09,4489.3,4527.0,4461.8,4500.9
2026-01-12,4529.1,4640.5,4520.8,4614.7
2026-01-13,4610.0,4644.0,4576.7,4599.1
2026-01-14,4594.3,4650.5,4594.3,4635.7
2026-01-15,4635.7,4637.2,4584.0,4623.7
2026-01-16,4621.6,4625.5,4539.1,4595.4
2026-01-20,4633.7,4771.5,4622.2,4765.8
2026-01-21,4767.5,4891.1,4757.1,4837.5
2026-01-22,4836.2,4944.3,4772.7,4913.4
2026-01-23,4940.0,4991.4,4901.2,4979.7
2026-01-26,5013.4,5107.9,4983.6,5082.5
2026-01-27,5005.5,5190.8,5004.5,5082.6
2026-01-28,5179.0,5415.2,5154.8,5303.6
2026-01-29,5415.7,5586.2,5097.5,5318.4
2026-01-30,5410.0,5480.2,4700.4,4745.1
2026-02-02,4816.0,4905.6,4423.2,4652.6
2026-02-03,4691.0,5018.1,4690.2,4935.0
2026-02-04,4966.1,5113.9,4867.7,4950.8
2026-02-05,4986.6,5045.0,4779.6,4889.5
2026-02-06,4800.0,4995.6,4670.0,4979.8
2026-02-09,5003.6,5111.1,4988.6,5079.4
2026-02-10,5084.3,5102.7,5011.0,5031.0
2026-02-11,5048.0,5144.5,5036.3,5098.5
2026-02-12,5107.3,5122.8,4900.0,4948.4
2026-02-13,4950.0,5069.1,4907.1,5046.3
2026-02-17,5050.0,5074.4,4854.2,4905.9
2026-02-18,4898.5,5031.9,4868.5,5009.5
2026-02-19,4993.7,5042.8,4971.5,4997.4
2026-02-20,5015.0,5131.0,4999.3,5080.9
2026-02-23,5128.8,5257.3,5120.4,5225.6
2026-02-24,5247.5,5269.4,5109.5,5176.3
2026-02-25,5160.0,5237.3,5135.9,5226.2
2026-02-26,5175.3,5221.9,5144.8,5194.2
2026-02-27,5201.9,5299.0,5182.9,5247.9
2026-03-02,5360.0,5434.1,5272.9,5311.6
2026-03-03,5335.7,5394.2,5005.0,5123.7
2026-03-04,5110.0,5218.3,5092.8,5134.7
2026-03-05,5155.7,5204.3,5058.9,5078.7
2026-03-06,5099.7,5185.0,5071.0,5158.7
2026-03-09,5186.7,5210.4,5021.2,5103.7
2026-03-10,5152.4,5248.7,5127.1,5242.1
2026-03-11,5194.0,5230.9,5155.9,5179.1
2026-03-12,5185.4,5197.8,5058.2,5125.8
2026-03-13,5084.0,5132.4,5014.1,5061.7
2026-03-16,5010.0,5044.5,4970.1,5002.2
2026-03-17,5012.2,5049.4,4977.0,5008.2
2026-03-18,5010.6,5022.0,4809.3,4896.2
2026-03-19,4828.0,4868.7,4505.0,4605.7
2026-03-20,4653.9,4738.2,4478.4,4574.9
2026-03-23,4450.0,4537.1,4100.0,4407.3
2026-03-24,4414.8,4485.6,4306.3,4402.0
2026-03-25,4473.5,4601.0,4458.2,4552.3
2026-03-26,4508.9,4541.6,4348.2,4376.3
2026-03-27,4371.8,4552.1,4369.1,4492.5
2026-03-30,4482.8,4579.1,4413.4,4526.0
2026-03-31,4510.0,4684.1,4508.6,4647.6
2026-04-01,4698.4,4821.0,4690.0,4813.1
2026-04-02,4783.0,4825.9,4580.4,4679.7
2026-04-06,4675.0,4733.1,4626.2,4684.7
2026-04-07,4678.6,4745.7,4631.9,4684.7
2026-04-08,4747.2,4888.0,4720.6,4777.2
2026-04-09,4744.8,4826.0,4718.6,4818.0
2026-04-10,4790.5,4820.0,4752.7,4787.4
2026-04-13,4710.0,4774.4,4626.0,4767.4
2026-04-14,4769.3,4870.3,4767.6,4850.1
2026-04-15,4862.7,4895.4,4807.9,4823.6
2026-04-16,4813.6,4861.3,4792.1,4808.3
2026-04-17,4811.8,4917.7,4785.9,4879.6
2026-04-20,4811.8,4847.9,4752.0,4828.8
2026-04-21,4842.4,4854.8,4685.8,4719.6
2026-04-22,4738.7,4790.8,4733.1,4753.0
2026-04-23,4759.2,4771.3,4680.1,4724.0
2026-04-24,4715.6,4757.1,4672.2,4740.9
2026-04-27,4713.1,4745.8,4681.2,4693.7
2026-04-28,4697.5,4716.5,4567.6,4608.4
2026-04-29,4611.4,4624.3,4522.2,4561.5
2026-04-30,4557.0,4658.8,4550.8,4629.6
2026-05-01,4636.9,4673.0,4570.0,4644.5
2026-05-04,4644.0,4650.6,4510.1,4533.3
2026-05-05,4534.0,4597.5,4522.7,4568.5
2026-05-06,4569.3,4734.6,4556.1,4694.3
2026-05-07,4702.2,4775.2,4693.3,4710.9
2026-05-08,4682.5,4760.4,4671.0,4730.7
2026-05-11,4690.0,4758.4,4655.1,4728.7
2026-05-12,4745.3,4783.4,4645.2,4686.7
2026-05-13,4722.3,4734.8,4676.0,4706.7
2026-05-14,4696.8,4725.8,4649.3,4685.3
2026-05-15,4654.5,4670.1,4513.8,4561.9
2026-05-18,4547.6,4588.6,4483.5,4558.0
2026-05-19,4570.6,4593.2,4467.1,4511.2
2026-05-20,4486.6,4558.4,4455.0,4535.3
2026-05-21,4548.0,4572.4,4488.3,4542.5
2026-05-22,4544.2,4547.0,4488.0,4523.2
2026-05-26,4532.0,4583.3,4480.0,4502.3
2026-05-27,4507.4,4528.1,4398.5,4448.4
2026-05-28,4453.6,4512.6,4363.5,4499.3
2026-05-29,4527.6,4627.1,4519.5,4593.0
2026-06-01,4575.2,4577.3,4476.0,4506.3
2026-06-02,4515.8,4571.3,4492.3,4519.9
2026-06-03,4520.0,4525.1,4454.0,4466.9
2026-06-04,4462.6,4543.2,4450.1,4505.0
2026-06-05,4503.0,4508.7,4336.6,4365.3
2026-06-08,4354.0,4377.5,4293.0,4363.4
2026-06-09,4354.7,4388.6,4259.9,4286.4
2026-06-10,4276.1,4281.1,4090.1,4133.3
2026-06-11,4094.4,4241.3,4046.2,4114.0
2026-06-12,4234.9,4267.8,4191.1,4238.8
2026-06-15,4289.4,4391.5,4283.4,4351.6
2026-06-16,4331.3,4376.5,4326.7,4354.4
2026-06-17,4352.6,4403.6,4237.4,4381.4
2026-06-18,4275.1,4350.2,4220.3,4245.9
2026-06-22,4163.9,4238.1,4151.4,4202.7
2026-06-23,4210.8,4216.0,4108.2,4149.4
2026-06-24,4130.0,4132.4,3975.7,4008.8
2026-06-25,4019.0,4060.0,3976.3,4047.6
2026-06-26,4044.4,4111.5,3998.1,4096.3
2026-06-29,4101.1,4102.9,4012.0,4038.9
2026-06-30,4032.5,4078.1,3955.4,4038.5
2026-07-01,4025.0,4131.0,3973.0,4082.4
2026-07-02,4049.2,4157.1,4042.8,4125.7
2026-07-06,4187.5,4215.5,4140.6,4167.5
2026-07-07,4176.4,4192.4,4102.7,4157.4
2026-07-08,4106.5,4144.7,4032.5,4082.4
2026-07-09,4087.6,4148.4,4063.4,4140.8
2026-07-10,4135.4,4144.6,4081.7,4113.7
2026-07-13,4106.6,4111.6,3992.9,4005.7
2026-07-14,4005.9,4112.5,3990.4,4069.7
2026-07-15,4059.8,4089.1,4023.3,4051.8
2026-07-16,4068.9,4071.9,3973.4,3992.1
2026-07-17,3980.1,4028.9,3963.0,4018.8
2026-07-20,4005.6,4046.0,3986.5,4015.9
2026-07-21,4013.4,4092.5,4003.3,4076.4
2026-07-22,4084.7,4171.4,4081.0,4151.9
2026-07-23,4126.0,4144.0,4042.5,4050.2
2026-07-24,4053.4,4085.2,4024.0,4070.8
2026-07-27,4097.5,4119.3,4067.1,4077.0
2026-07-28,4083.0,4085.7,4011.1,4038.7
2026-07-29,4020.9,4115.2,3993.8,4036.3
2026-07-30,4060.7,4118.5,4028.5,4100.1
2026-07-31,4163.9,4170.7,4076.4,4107.0
2026-08-03,4135.2,4145.5,4074.0,4090.5
2026-08-04,4109.6,4163.8,4098.2,4152.6
2026-08-05,4133.8,4328.2,4121.6,4305.2
2026-08-06,4307.0,4363.7,4281.2,4299.6
2026-08-07,4298.3,4432.3,4288.0,4399.7
2026-08-10,4400.0,4453.8,4373.9,4419.7
2026-08-11,4446.9,4495.0,4415.7,4441.1
2026-08-12,4430.0,4502.7,4421.4,4467.5
2026-08-13,4468.8,4509.1,4400.0,4420.4
2026-08-14,4408.2,4454.6,4365.5,4437.3
2026-08-17,4440.0,4486.5,4422.3,4473.7
2026-08-18,4473.4,4493.1,4383.3,4420.6
2026-08-19,4391.4,4582.8,4378.0,4545.3
2026-08-20,4580.0,4597.1,4506.0,4571.4
2026-08-21,4577.0,4690.4,4565.5,4680.6
2026-08-24,4673.4,4738.5,4651.8,4697.8
2026-08-25,4710.1,4755.0,4659.5,4694.5
2026-08-26,4715.7,4730.9,4638.2,4653.3
2026-08-27,4650.0,4697.7,4616.0,4664.0
2026-08-28,4656.0,4688.0,4495.0,4529.9
2026-08-31,4483.2,4521.5,4445.6,4481.5
2026-09-01,4498.7,4510.5,4369.7,4396.4
2026-09-02,4377.2,4444.4,4329.2,4414.6
2026-09-03,4436.4,4558.5,4426.7,4539.9
2026-09-04,4522.0,4537.8,4412.0,4476.6
2026-09-08,4466.5,4488.8,4381.0,4439.0
2026-09-09,4399.0,4479.0,4384.1,4460.7
2026-09-10,4448.0,4479.9,4354.7,4407.3
2026-09-11,4359.4,4444.9,4333.0,4408.9
2026-09-14,4375.0,4396.8,4293.0,4351.9
2026-09-15,4340.3,4358.2,4301.6,4332.8
2026-09-16,4333.5,4413.1,4273.3,4387.5
2026-09-17,4301.4,4423.3,4294.5,4399.7
2026-09-18,4381.6,4439.8,4372.2,4424.9
2026-09-21,4413.0,4422.1,4360.3,4383.9
2026-09-22,4382.5,4414.1,4327.6,4376.4
2026-09-23,4394.7,4407.5,4310.7,4318.4
2026-09-24,4324.4,4338.0,4278.3,4298.0
2026-09-25,4309.5,4351.6,4289.2,4321.2
2026-09-28,4315.0,4315.6,4143.1,4168.4
2026-09-29,4150.1,4218.1,4145.2,4179.7
2026-09-30,4216.2,4251.1,4178.2,4186.7
2026-10-01,4190.1,4222.8,4169.4,4202.3
2026-10-02,4204.6,4259.0,4153.8,4162.3
2026-10-05,4169.4,4198.9,4150.4,4156.8
2026-10-06,4169.2,4208.0,4130.7,4200.2
